<?xml version="1.0" encoding="utf-8"?>
<!DOCTYPE score-partwise
  PUBLIC '-//Recordare//DTD MusicXML 2.0 Partwise//EN'
  'http://www.musicxml.org/dtds/partwise.dtd'>
<score-partwise>
  <movement-title>Music21 Fragment</movement-title>
  <identification>
    <creator type="composer">Music21</creator>
  </identification>
  <defaults>
    <scaling>
      <millimeters>7</millimeters>
      <tenths>40</tenths>
    </scaling>
  </defaults>
  <part-list>
    <score-part id="P2ac36beb59e2f3d6511ccb2ce35d38b3">
      <part-name></part-name>
    </score-part>
  </part-list>
  <part id="P2ac36beb59e2f3d6511ccb2ce35d38b3">
    <measure number="1">
      <attributes>
        <divisions>10080</divisions>
        <time>
          <beats>4</beats>
          <beat-type>4</beat-type>
        </time>
        <clef>
          <sign>G</sign>
          <line>2</line>
        </clef>
      </attributes>
      <direction>
        <direction-type>
          <metronome parentheses="no">
            <beat-unit>quarter</beat-unit>
            <per-minute>120</per-minute>
          </metronome>
        </direction-type>
        <offset>0</offset>
        <sound tempo="120.0"/>
      </direction>
      <note>
        <pitch>
          <step>E</step>
          <octave>6</octave>
        </pitch>
        <duration>10080</duration>
        <type>quarter</type>
        <stem>down</stem>
        <notations/>
      </note>
      <note>
        <pitch>
          <step>B</step>
          <octave>5</octave>
        </pitch>
        <duration>5040</duration>
        <type>eighth</type>
        <stem>down</stem>
        <beam number="1">begin</beam>
        <notations/>
      </note>
      <note>
        <pitch>
          <step>C</step>
          <octave>6</octave>
        </pitch>
        <duration>5040</duration>
        <type>eighth</type>
        <stem>down</stem>
        <beam number="1">end</beam>
        <notations/>
      </note>
      <note>
        <pitch>
          <step>D</step>
          <octave>6</octave>
        </pitch>
        <duration>5040</duration>
        <type>eighth</type>
        <stem>down</stem>
        <beam number="1">begin</beam>
        <notations/>
      </note>
      <note>
        <pitch>
          <step>E</step>
          <octave>6</octave>
        </pitch>
        <duration>2520</duration>
        <type>16th</type>
        <stem>down</stem>
        <beam number="1">continue</beam>
        <beam number="2">begin</beam>
        <notations/>
      </note>
      <note>
        <pitch>
          <step>D</step>
          <octave>6</octave>
        </pitch>
        <duration>2520</duration>
        <type>16th</type>
        <stem>down</stem>
        <beam number="1">end</beam>
        <beam number="2">end</beam>
        <notations/>
      </note>
      <note>
        <pitch>
          <step>C</step>
          <octave>6</octave>
        </pitch>
        <duration>5040</duration>
        <type>eighth</type>
        <stem>down</stem>
        <beam number="1">begin</beam>
        <notations/>
      </note>
      <note>
        <pitch>
          <step>B</step>
          <octave>5</octave>
        </pitch>
        <duration>5040</duration>
        <type>eighth</type>
        <stem>down</stem>
        <beam number="1">end</beam>
        <notations/>
      </note>
    </measure>
    <measure number="2">
      <attributes>
        <divisions>10080</divisions>
      </attributes>
      <note>
        <pitch>
          <step>A</step>
          <octave>5</octave>
        </pitch>
        <duration>15120</duration>
        <type>quarter</type>
        <dot/>
        <stem>up</stem>
        <notations/>
      </note>
      <note>
        <pitch>
          <step>C</step>
          <octave>6</octave>
        </pitch>
        <duration>5040</duration>
        <type>eighth</type>
        <stem>down</stem>
        <notations/>
      </note>
      <note>
        <pitch>
          <step>E</step>
          <octave>6</octave>
        </pitch>
        <duration>10080</duration>
        <type>quarter</type>
        <stem>down</stem>
        <notations/>
      </note>
      <note>
        <pitch>
          <step>D</step>
          <octave>6</octave>
        </pitch>
        <duration>5040</duration>
        <type>eighth</type>
        <stem>down</stem>
        <beam number="1">begin</beam>
        <notations/>
      </note>
      <note>
        <pitch>
          <step>C</step>
          <octave>6</octave>
        </pitch>
        <duration>5040</duration>
        <type>eighth</type>
        <stem>down</stem>
        <beam number="1">end</beam>
        <notations/>
      </note>
    </measure>
    <measure number="3">
      <attributes>
        <divisions>10080</divisions>
      </attributes>
      <note>
        <pitch>
          <step>B</step>
          <octave>5</octave>
        </pitch>
        <duration>10080</duration>
        <type>quarter</type>
        <stem>down</stem>
        <notations/>
      </note>
      <note>
        <pitch>
          <step>B</step>
          <octave>5</octave>
        </pitch>
        <duration>5040</duration>
        <type>eighth</type>
        <stem>down</stem>
        <beam number="1">begin</beam>
        <notations/>
      </note>
      <note>
        <pitch>
          <step>C</step>
          <octave>6</octave>
        </pitch>
        <duration>5040</duration>
        <type>eighth</type>
        <stem>down</stem>
        <beam number="1">end</beam>
        <notations/>
      </note>
      <note>
        <pitch>
          <step>D</step>
          <octave>6</octave>
        </pitch>
        <duration>10080</duration>
        <type>quarter</type>
        <stem>down</stem>
        <notations/>
      </note>
      <note>
        <pitch>
          <step>E</step>
          <octave>6</octave>
        </pitch>
        <duration>10080</duration>
        <type>quarter</type>
        <stem>down</stem>
        <notations/>
      </note>
    </measure>
    <measure number="4">
      <attributes>
        <divisions>10080</divisions>
      </attributes>
      <note>
        <pitch>
          <step>C</step>
          <octave>6</octave>
        </pitch>
        <duration>10080</duration>
        <type>quarter</type>
        <stem>down</stem>
        <notations/>
      </note>
      <note>
        <pitch>
          <step>A</step>
          <octave>5</octave>
        </pitch>
        <duration>10080</duration>
        <type>quarter</type>
        <stem>up</stem>
        <notations/>
      </note>
      <note>
        <pitch>
          <step>A</step>
          <octave>5</octave>
        </pitch>
        <duration>10080</duration>
        <type>quarter</type>
        <stem>up</stem>
        <notations/>
      </note>
      <note>
        <rest/>
        <duration>10080</duration>
        <type>quarter</type>
        <notations/>
      </note>
    </measure>
    <measure number="5">
      <attributes>
        <divisions>10080</divisions>
      </attributes>
      <note>
        <rest/>
        <duration>5040</duration>
        <type>eighth</type>
        <notations/>
      </note>
      <note>
        <pitch>
          <step>D</step>
          <octave>6</octave>
        </pitch>
        <duration>10080</duration>
        <type>quarter</type>
        <stem>down</stem>
        <notations/>
      </note>
      <note>
        <pitch>
          <step>F</step>
          <octave>6</octave>
        </pitch>
        <duration>5040</duration>
        <type>eighth</type>
        <stem>down</stem>
        <notations/>
      </note>
      <note>
        <pitch>
          <step>A</step>
          <octave>6</octave>
        </pitch>
        <duration>10080</duration>
        <type>quarter</type>
        <stem>down</stem>
        <notations/>
      </note>
      <note>
        <pitch>
          <step>G</step>
          <octave>6</octave>
        </pitch>
        <duration>5040</duration>
        <type>eighth</type>
        <stem>down</stem>
        <beam number="1">begin</beam>
        <notations/>
      </note>
      <note>
        <pitch>
          <step>F</step>
          <octave>6</octave>
        </pitch>
        <duration>5040</duration>
        <type>eighth</type>
        <stem>down</stem>
        <beam number="1">end</beam>
        <notations/>
      </note>
    </measure>
    <measure number="6">
      <attributes>
        <divisions>10080</divisions>
      </attributes>
      <note>
        <pitch>
          <step>E</step>
          <octave>6</octave>
        </pitch>
        <duration>15120</duration>
        <type>quarter</type>
        <dot/>
        <stem>down</stem>
        <notations/>
      </note>
      <note>
        <pitch>
          <step>C</step>
          <octave>6</octave>
        </pitch>
        <duration>5040</duration>
        <type>eighth</type>
        <stem>down</stem>
        <notations/>
      </note>
      <note>
        <pitch>
          <step>E</step>
          <octave>6</octave>
        </pitch>
        <duration>10080</duration>
        <type>quarter</type>
        <stem>down</stem>
        <notations/>
      </note>
      <note>
        <pitch>
          <step>D</step>
          <octave>6</octave>
        </pitch>
        <duration>5040</duration>
        <type>eighth</type>
        <stem>down</stem>
        <beam number="1">begin</beam>
        <notations/>
      </note>
      <note>
        <pitch>
          <step>C</step>
          <octave>6</octave>
        </pitch>
        <duration>5040</duration>
        <type>eighth</type>
        <stem>down</stem>
        <beam number="1">end</beam>
        <notations/>
      </note>
    </measure>
    <measure number="7">
      <attributes>
        <divisions>10080</divisions>
      </attributes>
      <note>
        <pitch>
          <step>B</step>
          <octave>5</octave>
        </pitch>
        <duration>15120</duration>
        <type>quarter</type>
        <dot/>
        <stem>down</stem>
        <notations/>
      </note>
      <note>
        <pitch>
          <step>C</step>
          <octave>6</octave>
        </pitch>
        <duration>5040</duration>
        <type>eighth</type>
        <stem>down</stem>
        <notations/>
      </note>
      <note>
        <pitch>
          <step>D</step>
          <octave>6</octave>
        </pitch>
        <duration>10080</duration>
        <type>quarter</type>
        <stem>down</stem>
        <notations/>
      </note>
      <note>
        <pitch>
          <step>E</step>
          <octave>6</octave>
        </pitch>
        <duration>10080</duration>
        <type>quarter</type>
        <stem>down</stem>
        <notations/>
      </note>
    </measure>
    <measure number="8">
      <attributes>
        <divisions>10080</divisions>
      </attributes>
      <note>
        <pitch>
          <step>C</step>
          <octave>6</octave>
        </pitch>
        <duration>10080</duration>
        <type>quarter</type>
        <stem>down</stem>
        <notations/>
      </note>
      <note>
        <pitch>
          <step>A</step>
          <octave>5</octave>
        </pitch>
        <duration>10080</duration>
        <type>quarter</type>
        <stem>up</stem>
        <notations/>
      </note>
      <barline location="right">
        <bar-style>light-heavy</bar-style>
      </barline>
    </measure>
  </part>
</score-partwise>
